policyholder_id,first_name,last_name,birthdate,address
5669,Stephanie,Andrade,2003-06-03,"USNV Savage, FPO AA 48081"
5006,Stephen,Love,2003-10-15,"3426 Megan Passage Suite 515, New Brittany, AS 60820"
6563,Terri,Manning,1956-07-29,"8548 Steven Ports, New Taylor, IL 75606"
4842,Mason,Banks,1936-05-04,"08383 Cohen Islands, West James, MD 59644"
509,Nathaniel,Wallace,1945-11-25,"66284 Morgan Tunnel Suite 611, Debrastad, NJ 10536"
4605,Dalton,Mendez,1980-12-31,"1676 Gonzales Shoals, Lake Cindy, GA 78827"
6051,Holly,Ross,1995-10-05,"8267 Mary Estates Suite 830, Chapmanfurt, IL 26308"
1058,Adam,Kim,1952-03-05,"566 Helen Brook, Dixonshire, LA 29950"
6270,Jessica,Sanchez,1982-06-02,"USS Tyler, FPO AP 64164"
5750,Sharon,Davis,1954-01-06,"03940 Douglas Cape Apt. 640, Jamesland, IL 42037"
8400,Nicole,Solis,1996-01-16,"2321 Angela Drive, Floresshire, SD 31050"
4040,Renee,Carrillo,1959-02-02,"472 Woods Brook Suite 352, Farrellburgh, CA 27297"
88,Douglas,Forbes,1978-12-26,"0206 Albert Port, Port Andrea, MH 87615"
5257,Kimberly,Hines,1996-02-16,"478 Heather Mall, New Tammyburgh, DC 92648"
3882,Tanya,Combs,1954-03-14,"8617 Steele Knolls, Laurafort, SD 64470"
540,Lisa,Young,1990-07-19,"3784 Robert Expressway Suite 255, Shortstad, AR 02096"
5560,Dalton,Daniels,1937-06-11,"38707 Dominique Street Apt. 524, South Michaelton, PA 58086"
5969,Sylvia,Marshall,1970-07-31,"73449 Lisa Isle, Haasfurt, PR 91451"
1286,Jonathan,Good,1942-03-01,"87799 Jeffrey Walk Suite 029, Curtisborough, MN 51327"
1405,Kimberly,Torres,1947-01-09,"121 Castillo Island Apt. 674, South Luis, HI 70448"
9894,Paul,Blanchard,1952-08-16,"1276 Elizabeth Walks Suite 937, Wilsonfurt, MS 92865"
5610,Melinda,Evans,1989-10-05,"89739 Joann Meadow, Lake Sarah, TN 88196"
6558,Cindy,Ali,1982-11-12,"PSC 1479, Box 8425, APO AP 94923"
6396,Nicole,Diaz,1994-09-21,"09312 Lindsey Mews Apt. 874, Gallegostown, ID 84959"
9587,Cindy,Obrien,1996-04-22,"10156 Helen Walk Apt. 622, East Kristy, MA 66286"
7301,Amber,Riley,1990-10-31,"26334 Dylan Park, Scottburgh, VA 43432"
2919,Jesse,Robinson,1990-06-10,"340 Bradley Row, Jessicaton, UT 87981"
276,Cameron,Rodriguez,1996-11-05,"423 Martinez Fort Apt. 450, Lisabury, VA 07716"
4934,Joshua,Osborn,1954-01-22,"1668 Welch Glens Apt. 249, Port Franklinville, FM 79248"
967,Beth,Martin,1985-07-24,"6337 Ashley Flats Suite 941, Caitlinberg, ND 78976"
2617,Christopher,Ortiz,1967-08-31,"6971 Blair Wall, Jenniferville, OH 78230"
3287,Danny,Lin,1979-10-15,"406 Perez Locks, Andremouth, NE 72214"
5407,Timothy,Kelly,1996-03-05,"1002 Hanson Highway Apt. 753, Sloanmouth, SD 17511"
7015,Julia,Robinson,1948-01-16,"236 Kennedy Park Suite 185, New Nicholas, NH 30384"
7688,Derek,Alvarez,1997-08-04,"02972 Williams Station Apt. 820, Calebborough, MH 95960"
8222,Jocelyn,Morales,1980-08-07,"878 Turner Wells, Cardenasberg, MT 60579"
388,Angelica,Jenkins,1970-11-12,"3748 Solomon Trail Apt. 282, North Kellytown, FM 75062"
9388,Michael,Day,1961-03-22,"4920 Breanna Tunnel Suite 509, West Holly, MN 35805"
9657,David,Hicks,1937-12-29,"0790 Miller Village Apt. 479, Fergusonville, AL 31434"
1820,Gregory,Barry,2000-11-04,"6165 Robinson Rapids Apt. 168, South Deannashire, WA 91369"
1275,Kathleen,Lynch,1957-11-27,"618 Reynolds Drive, West Davidchester, FM 76280"
1398,Jonathan,Novak,1989-03-27,"193 Shields Junctions, Stoneville, SD 73779"
7175,Zachary,Brewer,1937-12-14,"61895 Matthew Via Suite 699, Gonzalezland, WV 22869"
3722,Travis,Jones,1965-12-08,"274 Mary Junctions, New Kirstenfort, IN 99303"
4606,Debra,Carson,1947-12-30,"9947 Cynthia Highway, Christophershire, ND 01714"
7324,Jo,Lucas,2003-03-25,"311 Villarreal Bridge, South Frankmouth, GU 34806"
52,William,Romero,1977-04-23,"439 Rodriguez Orchard, Johnsonborough, VT 96710"
1362,Regina,Soto,1937-10-11,"7801 Parker Ridges, South Lauratown, KY 69686"
7245,Tonya,Nelson,1962-06-14,"727 Bates Viaduct Apt. 149, Norrisburgh, NV 65545"
9621,Daniel,Lara,1991-06-14,"9509 Brewer Creek Suite 652, North Thomastown, NC 18682"
5346,Ashley,Snyder,1952-01-29,"456 Martinez Mission, Burnettberg, NV 44371"
5615,Christina,Morris,1999-01-31,"81478 Richard Forges, Delgadochester, SD 30613"
9837,Mercedes,Oliver,1935-08-23,"741 Roy Via Apt. 577, Tapiachester, AZ 61030"
3861,Jon,Williams,1992-01-19,"4306 Meza Roads, Theodoreshire, ME 82670"
1223,Robert,Lee,1982-07-14,"49859 Adams Road Apt. 972, Port Aliciaport, MI 45616"
2656,Brian,Kane,1943-05-14,"7063 Maria Road, Jenniferview, MA 49057"
143,Christopher,Gonzalez,1997-08-28,"83127 Phelps Mews, Davisborough, HI 23776"
4756,Monica,Brown,1959-08-09,"3146 Kemp Tunnel, West Pam, PR 04069"
4639,Veronica,Webb,1944-05-11,"3682 Kayla Track, Bryanport, VI 27942"
9134,Carl,Hanson,1952-03-25,"143 Cowan Club Suite 938, Butlerchester, ID 47359"
1632,Cindy,Donaldson,2002-04-16,"62474 Davis Cape, Lake Shawnborough, OH 36243"
8599,David,White,1972-10-03,"624 Bishop Plains, Pattersonbury, AS 71989"
5059,Shelby,Barnes,1950-08-09,"47380 Mckay Parkways, Laurenland, AK 61686"
2723,Yesenia,Odonnell,1982-05-01,"1580 Beard Ports, Herringburgh, NC 58615"
8756,Sara,Joseph,1944-09-22,"2613 Samuel Harbor, East Raymondhaven, RI 66749"
959,Joseph,Gordon,1972-02-01,"524 Underwood Alley Suite 786, East Christine, KS 59812"
1203,Roy,Williams,1986-05-15,"840 Harrington Meadows, Anthonytown, FM 78361"
5902,Lucas,Webster,1983-11-04,"793 Abigail Hills, Tylerhaven, AL 48871"
601,Tina,Colon,1940-08-05,"76111 Dustin Greens Suite 883, Wintersburgh, NH 68330"
7856,Alexander,Pittman,1949-08-08,"7202 Daniel Mills Suite 627, East Jacquelineshire, WY 97565"
3875,Daniel,Welch,1934-07-25,"1982 Mark Lights, Port Gregoryland, UT 30313"
2105,Taylor,Hale,1940-06-14,"7804 Walters Ford, West Sarah, MN 57353"
9785,Lisa,Solomon,1970-12-26,"943 Gilmore Mount Apt. 424, Harrisonstad, OR 01493"
1392,Sara,Burns,2001-01-17,"Unit 7502 Box 9116, DPO AE 87269"
7798,Angela,Smith,1948-03-29,"45235 Luis Mountains, Port Benjaminville, HI 26506"
6630,Jill,Ross,1991-02-18,"13835 Madden Knoll Suite 744, East Christinabury, MO 14026"
2335,Dylan,Thomas,1968-08-26,"6260 Teresa Shoals Apt. 809, Bairdberg, LA 51182"
8814,Cynthia,Garcia,1983-10-24,"5765 Luke Square Suite 444, West April, DC 86876"
8106,William,Farley,1979-07-22,"298 Amber Plaza Suite 170, North Carltown, TX 15012"
7453,Derrick,Barnes,2003-06-27,"602 Chang Brook, Trevorfurt, WY 38965"
3381,Anthony,Jones,1950-09-03,"2099 Mcintyre Street, Cartershire, ID 61842"
177,Nicholas,Lawson,1985-03-26,"80360 Donald Haven, Port Robertside, PW 02521"
4150,Randy,Alvarez,1943-03-07,"700 Williams Meadow Suite 048, Loganborough, MD 70317"
2337,Misty,Edwards,1983-03-17,"USCGC Patel, FPO AA 94627"
3823,Mike,Wilson,2000-02-10,"3358 Nicole Heights, West Kurt, OR 55804"
4810,Jamie,Nelson,1953-04-12,"84505 Tyler Forest Suite 124, Brockport, GA 18170"
5765,Tyler,Keller,1945-12-28,"999 Rivera Mission, South Rebecca, KS 88737"
407,Barbara,Williams,2000-02-23,"868 Gomez Shores, East Karen, MI 64246"
4432,Wendy,Curry,1986-05-12,"53905 Morris Shoals Suite 142, Thomasfurt, SC 90321"
1376,Vanessa,Clark,1996-09-07,"8761 Kennedy Burg Suite 111, Laurastad, PW 11424"
963,Christina,Goodwin,1982-01-06,"3580 Joseph Prairie Apt. 490, Jeremytown, MP 29862"
3852,Alex,Schmidt,1996-01-10,"04381 Simpson Rapids Apt. 990, Port Matthew, WA 37473"
7083,Phyllis,Choi,1973-01-16,"20614 Lopez Vista Suite 264, Port Jameston, AL 84184"
6850,Renee,Glass,1933-10-08,"50409 Crystal Oval Apt. 281, Port Brian, HI 31902"
5311,Sally,Phillips,1967-11-12,"512 Nicole Highway, Turnerburgh, KY 10134"
935,Luis,Odonnell,1985-11-05,"57384 William Viaduct Suite 352, Dianeview, AK 37628"
1068,Cheryl,Vaughn,1964-12-26,"447 Alyssa Junction, South Yesenia, MP 17015"
7367,Jeffery,Perry,1998-06-23,"15220 Samantha Court Apt. 279, Fostershire, VA 56752"
8156,Jo,Powell,1986-07-26,"49883 Snyder Fall, South Alyssa, MO 50402"
7740,Jennifer,Summers,1935-06-17,"48494 Meyer Pike Apt. 865, South Alberttown, ND 90080"
